name,N,pos_tbng,M,mu,gamma,n,tau,X1,X2,X3,X4
G._palpalis_gambiense,225,20,8,12,0,1.62,87.6,0,0.33333333333333,0.33333333333333,0.33333333333333
